movie_name,year,director,genre
Arrival (2016) [1080p],2016,Denis Villeneuve,Sci-fi
Companion (2025) [1080p],2025,Drew Hancock,Sci-fi
How to Train Your Dragon 2 [1080p],2014,Dean DeBlois,Fantasy
How to Train Your Dragon 3 - The Hidden World [1080p],2019,Dean DeBlois,Fantasy
How to Train Your Dragon [1080p],2010,Dean DeBlois,Fantasy
S01E01,2005,Michael Dante DiMartino,Action
S01E02,2005,Michael Dante DiMartino,Action
S01E03,2005,Michael Dante DiMartino,Action
S01E04,2005,Michael Dante DiMartino,Action
S01E05,2005,Michael Dante DiMartino,Action
S01E06,2005,Michael Dante DiMartino,Action
S01E07,2005,Michael Dante DiMartino,Action
S01E08,2005,Michael Dante DiMartino,Action
S01E09,2005,Michael Dante DiMartino,Action
S01E10,2005,Michael Dante DiMartino,Action
S01E11,2005,Michael Dante DiMartino,Action
S01E12,2005,Michael Dante DiMartino,Action
S01E13,2005,Michael Dante DiMartino,Action
S01E14,2005,Michael Dante DiMartino,Action
S01E15,2005,Michael Dante DiMartino,Action
S01E16,2005,Michael Dante DiMartino,Action
S01E17,2005,Michael Dante DiMartino,Action
S01E18,2005,Michael Dante DiMartino,Action
S01E19,2005,Michael Dante DiMartino,Action
S01E20,2005,Michael Dante DiMartino,Action
S02E01,2006,Michael Dante DiMartino,Action
S02E02,2006,Michael Dante DiMartino,Action
S02E03,2006,Michael Dante DiMartino,Action
S02E04,2006,Michael Dante DiMartino,Action
S02E05,2006,Michael Dante DiMartino,Action
S02E06,2006,Michael Dante DiMartino,Action
S02E07,2006,Michael Dante DiMartino,Action
S02E08,2006,Michael Dante DiMartino,Action
S02E09,2006,Michael Dante DiMartino,Action
S02E10,2006,Michael Dante DiMartino,Action
S02E11,2006,Michael Dante DiMartino,Action
S02E12_E13,2006,Michael Dante DiMartino,Action
S02E14,2006,Michael Dante DiMartino,Action
S02E15,2006,Michael Dante DiMartino,Action
S02E16,2006,Michael Dante DiMartino,Action
S02E17,2006,Michael Dante DiMartino,Action
S02E18,2006,Michael Dante DiMartino,Action
S02E19_E20,2006,Michael Dante DiMartino,Action
S03E01,2007,Michael Dante DiMartino,Action
S03E02,2007,Michael Dante DiMartino,Action
S03E03,2007,Michael Dante DiMartino,Action
S03E04,2007,Michael Dante DiMartino,Action
S03E05,2007,Michael Dante DiMartino,Action
S03E06,2007,Michael Dante DiMartino,Action
S03E07,2007,Michael Dante DiMartino,Action
S03E08,2007,Michael Dante DiMartino,Action
S03E09,2007,Michael Dante DiMartino,Action
S03E10_E11,2007,Michael Dante DiMartino,Action
S03E12,2008,Michael Dante DiMartino,Action
S03E13,2008,Michael Dante DiMartino,Action
S03E14_E15,2008,Michael Dante DiMartino,Action
S03E16,2008,Michael Dante DiMartino,Action
S03E17,2008,Michael Dante DiMartino,Action
S03E18_E19_E20_E21,2008,Michael Dante DiMartino,Action
Sinners 2025 [1080p] {IMAX},2025,Ryan Coogler,Horror
Spider-Man Across the Spider-Verse [1080p],2023,Joaquim Dos Santos,Action
The Lighthouse (2019) [1080p],2019,Robert Eggers,Horror
